{"cameraMode":{"drawMode":0,"name":"Shaded","section":"Shading Mode"},"sceneLighting":true,"audioPlay":false,"sceneViewState":{"m_AlwaysRefresh":false,"showFog":true,"showSkybox":true,"showFlares":true,"showImageEffects":true,"showParticleSystems":true,"showVisualEffectGraphs":true,"m_FxEnabled":true},"in2DMode":false,"pivot":{"x":6.12915563583374,"y":-6.355525493621826,"z":41.46381759643555},"rotation":{"x":0.14021527767181397,"y":-0.02228551171720028,"z":0.0031421673484146597,"w":0.9899088740348816},"size":28.73816680908203,"orthographic":false}